Player,Predicted_PPG,Year,PPG
James Harden,,2021.0,34.23455947564429
Bradley Beal,,2021.0,33.20907457909059
Giannis Antetokounmpo,,2021.0,29.442725661746998
